{"cameraMode":{"drawMode":0,"name":"Shaded","section":"Shading Mode"},"sceneLighting":true,"audioPlay":false,"sceneViewState":{"showFog":true,"showMaterialUpdate":true,"showSkybox":true,"showFlares":true,"showImageEffects":true,"showParticleSystems":true},"in2DMode":false,"pivot":{"x":-125.7444076538086,"y":1.9894037246704102,"z":-15.629374504089356},"rotation":{"x":-0.021656081080436708,"y":0.9717442989349365,"z":-0.21353720128536225,"w":-0.09855423122644425},"size":16.96154022216797,"orthographic":false}