{"cameraMode":{"drawMode":0,"name":"Shaded","section":"Shading Mode"},"sceneLighting":false,"audioPlay":false,"sceneViewState":{"showFog":true,"showMaterialUpdate":false,"showSkybox":false,"showFlares":true,"showImageEffects":true,"showParticleSystems":true},"in2DMode":false,"pivot":{"x":-0.2999999523162842,"y":-2.0400004386901857,"z":40.209999084472659},"rotation":{"x":0.1315450519323349,"y":-0.6971799731254578,"z":0.13249923288822175,"w":0.6921694278717041},"size":69.74789428710938,"orthographic":false}