{"cameraMode":{"drawMode":0,"name":"Shaded","section":"Shading Mode"},"sceneLighting":false,"audioPlay":false,"sceneViewState":{"showFog":true,"showMaterialUpdate":true,"showSkybox":true,"showFlares":true,"showImageEffects":true,"showParticleSystems":true},"in2DMode":false,"pivot":{"x":-2.58528470993042,"y":1.830905556678772,"z":-0.4194205403327942},"rotation":{"x":-0.10257653146982193,"y":0.8902144432067871,"z":-0.24811382591724397,"w":-0.3680870234966278},"size":1.2157716751098633,"orthographic":false}