{"cameraMode":{"drawMode":0,"name":"Shaded","section":"Shading Mode"},"sceneLighting":false,"audioPlay":false,"sceneViewState":{"showFog":true,"showMaterialUpdate":true,"showSkybox":true,"showFlares":true,"showImageEffects":true,"showParticleSystems":true},"in2DMode":false,"pivot":{"x":-2.913043260574341,"y":3.3790230751037599,"z":-34.80070877075195},"rotation":{"x":-0.2541038691997528,"y":0.5988155603408814,"z":-0.20834492146968842,"w":-0.7304080724716187},"size":2.9800806045532228,"orthographic":false}