{"cameraMode":{"drawMode":0,"name":"Shaded","section":"Shading Mode"},"sceneLighting":false,"audioPlay":false,"sceneViewState":{"showFog":true,"showMaterialUpdate":true,"showSkybox":true,"showFlares":true,"showImageEffects":true,"showParticleSystems":true},"in2DMode":false,"pivot":{"x":-3.2203359603881838,"y":12.335044860839844,"z":-12.273628234863282},"rotation":{"x":-0.2604367434978485,"y":0.35272327065467837,"z":-0.10288764536380768,"w":-0.8928846120834351},"size":24.255258560180665,"orthographic":false}