{"cameraMode":{"drawMode":0,"name":"Shaded","section":"Shading Mode"},"sceneLighting":false,"audioPlay":false,"sceneViewState":{"showFog":true,"showMaterialUpdate":true,"showSkybox":true,"showFlares":true,"showImageEffects":true,"showParticleSystems":true},"in2DMode":false,"pivot":{"x":10.254646301269532,"y":-11.224931716918946,"z":-150.72010803222657},"rotation":{"x":-0.129578098654747,"y":0.7073045372962952,"z":-0.1344280242919922,"w":-0.6818444132804871},"size":42.45705032348633,"orthographic":false}