{"cameraMode":{"drawMode":0,"name":"Shaded","section":"Shading Mode"},"sceneLighting":false,"audioPlay":false,"sceneViewState":{"showFog":true,"showMaterialUpdate":true,"showSkybox":true,"showFlares":true,"showImageEffects":true,"showParticleSystems":true},"in2DMode":false,"pivot":{"x":-6.380970001220703,"y":-11.869438171386719,"z":-42.976890563964847},"rotation":{"x":-0.2541038691997528,"y":0.5988155603408814,"z":-0.20834492146968842,"w":-0.7304080724716187},"size":84.0894775390625,"orthographic":false}