{"cameraMode":{"drawMode":0,"name":"Shaded","section":"Shading Mode"},"sceneLighting":false,"audioPlay":false,"sceneViewState":{"showFog":true,"showMaterialUpdate":true,"showSkybox":true,"showFlares":true,"showImageEffects":true,"showParticleSystems":true},"in2DMode":false,"pivot":{"x":11.088451385498047,"y":-18.323450088500978,"z":-144.58909606933595},"rotation":{"x":-0.129578098654747,"y":0.7073045372962952,"z":-0.1344280242919922,"w":-0.6818444132804871},"size":27.496667861938478,"orthographic":false}